[
{"title": "How a handful of FMCG brands continue to dominate market space"},
{"title": "Reliance Retail set to disrupt Amazon, Walmart-Flipkart: Report"},
{"title": "Hindujas get backing of Etihad, Naresh Goyal to board Jet"},
{"title": "Ashok Leyland ready to ride on Elon Musk's India dream"},
{"title": "Jaypee Infratech lenders start negotiations on NBCC's bid as per NCLAT order"},
{"title": "IL&FS crisis may lead to consolidation in NBFC sector: Fitch"},
{"title": "H&M may soon take on Ikea, others to deck up your home"},
{"title": "Commercial vehicles may end up in slow lane, too"},
{"title": "Huawei is losing the retailers\u2019 push after Google break"},
{"title": "Yes Bank loans to Essel companies worry rating company"},
{"title": "Govt needs to focus on reviving sectoral health, deploy 5G, says telecom industry"},
{"title": "EASE 2.0 scheme: Comprehensive public sector bank reform on the cards"},
{"title": "DP World acquires 76% stake in KRIL"},
{"title": "Three-wheelers may have to go electric from FY24"},
{"title": "We do not want to be elitist in India: Dr Andreas Sennheiser, CEO,  Sennheiser Electronic"},
{"title": "How to subscribe to ET Prime: a stepwise guide"},
{"title": "Why luxury hotels are making a beeline for temple towns"},
{"title": "The mystery in your mattress"},
{"title": "Domestic air traffic fell in April for the first time in 6 years"},
{"title": "How Sivaramakrishnan Ganapathi knit the biggest revival story of India\u2019s apparel export industry"},
{"title": "Power demand soars to a new high on May 8"},
{"title": "NMDC to invest $1 billion on infrastructure, says official"},
{"title": "NCLAT annuls lenders' voting on NBCC's bid to acquire Jaypee Infratech"},
{"title": "5G: Trai to consult industry to boost fiberisation"},
{"title": "Tata faces $14 billion in auto debt and a slowdown in China"},
{"title": "Joint bid for Jet Airways innovative but complicated: Experts"},
{"title": "IndiGo CEO acknowledges there 'may be' differences within the company, says growth strategy unchanged"},
{"title": "US states file 2nd lawsuit accusing Aurobindo Pharma, others firms for violating antitrust laws"},
{"title": "IHCL and GIC create Rs 4000 crore platform to acquire hotel assets"},
{"title": "IndiGo, rivals spar over Jet\u2019s global slots"},
{"title": "Daiichi Sankyo vs Singh Brothers: How a diary note made the difference"},
{"title": "FMCG cracks the Patanjali code, naturally"},
{"title": "Tatas to bring FMCG business under one roof"},
{"title": "YC Deveshwar, the man who transformed ITC into a multi-business conglomerate, passes away"},
{"title": "How ITC lit up non-cigarette brands"},
{"title": "Times Prime to offer exclusive access to Urbanclap beauty & wellness and homecare packages"},
{"title": "Hyundai ties up with ALD Automotive for car leasing business"},
{"title": "Ashok Leyland ready to ride on Elon Musk's India dream"},
{"title": "Vishal Sikka boards BMW Group"},
{"title": "How Reliance Retail aids structured funding"},
{"title": "NCLAT seeks dues details from IL&FS"},
{"title": "GOQii sends legal notice to Flipkart against deep discounts"},
{"title": "Jaypee Infratech lenders reject NBCC's bid, to vote on Suraksha offer: Sources"},
{"title": "Ikea is localising and lowering India prices"},
{"title": "Indian arm is steering the wheel as Verizon deploys 5G in the US"},
{"title": "It's up to government to take a call on Huawei issue: Trai"},
{"title": "Public Sector Banks to be ranked on basis of performance"},
{"title": "Three-wheelers may have to go electric from FY24"},
{"title": "28% GST on luxury hotels likely to stay"},
{"title": "More fund infusion likely in public sector banks"},
{"title": "Panel's views on 5G trial under DoT consideration"},
{"title": "No GST relief for 5-star luxury hotels"},
{"title": "Lighthouse PE buys 25% stake in mattress maker Duroflex"},
{"title": "Kurl-on acquires luxury mattress brand Spring Air for Rs 70 crore"},
{"title": "Domestic air traffic up 24% in February"},
{"title": "Joint bid for Jet Airways innovative but complicated: Experts"},
{"title": "CIL's coal allocation under spot e-auction drops 38% in FY19"},
{"title": "Power generation growth likely to double in FY20"},
{"title": "Zydus Pharmaceuticals Inc among cos facing lawsuit by US states: Cadila"},
{"title": "Daiichi Sankyo spreading falsehood: Fortis"},
{"title": "Singapore court dismisses Singh brothers' appeal against Daiichi Sankyo's arbitration award"},
{"title": "The mystery in your mattress"},
{"title": "We do not want to be elitist in India: Dr Andreas Sennheiser, CEO,  Sennheiser Electronic"},
{"title": "Tatas to bring FMCG business under one roof"},
{"title": "US states file 2nd lawsuit accusing Aurobindo Pharma, others firms for violating antitrust laws"},
{"title": "How ITC lit up non-cigarette brands"},
{"title": "Tata faces $14 billion in auto debt and a slowdown in China"},
{"title": "5G: Trai to consult industry to boost fiberisation"},
{"title": "Auto News Ashok Leyland ready to ride on Elon Musk's India dream"},
{"title": "Hyundai mulls options for sourcing electric vehicle components in India"},
{"title": "Hyundai pockets 2,000 bookings for Venue in one day"},
{"title": "NCLAT seeks dues details from IL&FS"},
{"title": "Jaypee Infratech lenders reject NBCC's bid, to vote on Suraksha offer: Sources"},
{"title": "Flipkart launches online grocery store 'Supermart' in Mumbai"},
{"title": "How Reliance Retail aids structured funding"},
{"title": "Daiichi Sankyo vs Singh Brothers: How a diary note made the difference"},
{"title": "Hyundai ties up with ALD Automotive for car leasing business"},
{"title": "Voda Idea & Airtel shed users, gain 18% & 25% in ARPU"},
{"title": "GOQii sends legal notice to Flipkart against deep discounts"},
{"title": "Two wheelers & three wheelers Three-wheelers may have to go electric from FY24"},
{"title": "India delivers mixed performance in Asian varsity rankings"},
{"title": "More fund infusion likely in public sector banks"},
{"title": "Airlines / Aviation Joint bid for Jet Airways innovative but complicated: Experts"},
{"title": "FMCG cracks the Patanjali code, naturally"},
{"title": "Daiichi Sankyo moves NCLT to stay insolvency plea against RHC Holding"},
{"title": "Domestic air traffic growth may have peaked out: Crisil"},
{"title": "My career would have gone differently if I were a man: Biologist Gagandeep Kang"},
{"title": "28% GST on luxury hotels likely to stay"},
{"title": "Zydus Pharmaceuticals Inc among cos facing lawsuit by US states: Cadila"},
{"title": "Domestic air traffic up 24% in February"},
{"title": "FMCG Tatas to bring FMCG business under one roof"},
{"title": "Missing wombs: The health scandal enslaving families in rural India"},
{"title": "Daiichi Sankyo spreading falsehood: Fortis"},
{"title": "FMCG The mystery in your mattress"},
{"title": "Prepare plan to pay Daiichi Sankyo or go to jail for contempt, Supreme Court tells Singh brothers"},
{"title": "Hyundai mulls options for sourcing electric vehicle components in India"},
{"title": "Auto News Ashok Leyland ready to ride on Elon Musk's India dream"},
{"title": "Finance NCLAT seeks dues details from IL&FS"},
{"title": "Pharmaceuticals US states file 2nd lawsuit accusing Aurobindo Pharma, others firms for violating antitrust laws"},
{"title": "Electronics We do not want to be elitist in India: Dr Andreas Sennheiser, CEO,  Sennheiser Electronic"},
{"title": "MG Motor rolls out first SUV Hector from Halol in Gujarat"},
{"title": "Vodafone Idea services hit in Mumbai"},
{"title": "Auto News Tata faces $14 billion in auto debt and a slowdown in China"},
{"title": "FMCG How ITC lit up non-cigarette brands"},
{"title": "Telecom News 5G: Trai to consult industry to boost fiberisation"},
{"title": "Flipkart launches online grocery store 'Supermart' in Mumbai"},
{"title": "Pullout from diesel won\u2019t affect sales, market share: Maruti CFO"},
{"title": "Spring Air will invest Rs 100cr in 2 years to open 100 showrooms"},
{"title": "IIT-Delhi targets Rs 550-crore external R&D funding this year"},
{"title": "Airlines / Aviation Joint bid for Jet Airways innovative but complicated: Experts"},
{"title": "Retail How Reliance Retail aids structured funding"},
{"title": "Domestic air traffic growth may have peaked out: Crisil"},
{"title": "Construction Jaypee Infratech lenders reject NBCC's bid, to vote on Suraksha offer: Sources"},
{"title": "Auto News Hyundai ties up with ALD Automotive for car leasing business"},
{"title": "India delivers mixed performance in Asian varsity rankings"},
{"title": "Pharmaceuticals Daiichi Sankyo vs Singh Brothers: How a diary note made the difference"},
{"title": "FMCG Tatas to bring FMCG business under one roof"},
{"title": "Spring Air plans to invest Rs 500 crore for two new plants in India"},
{"title": "Airlines / Aviation Joint bid for Jet Airways innovative but complicated: Experts"},
{"title": "FMCG FMCG cracks the Patanjali code, naturally"},
{"title": "Airlines / Aviation Domestic air traffic up 24% in February"},
{"title": "Hotels / Restaurants 28% GST on luxury hotels likely to stay"},
{"title": "Daiichi Sankyo moves NCLT to stay insolvency plea against RHC Holding"},
{"title": "Auto News Hyundai mulls options for sourcing electric vehicle components in India"},
{"title": "My career would have gone differently if I were a man: Biologist Gagandeep Kang"},
{"title": "Finance NCLAT seeks dues details from IL&FS"},
{"title": "Finance NCLAT seeks dues details from IL&FS"},
{"title": "Vodafone Idea services hit in Mumbai"},
{"title": "MG Motor India to launch SUV Hector by middle of this year"},
{"title": "Missing wombs: The health scandal enslaving families in rural India"},
{"title": "Pharmaceuticals Daiichi Sankyo spreading falsehood: Fortis"},
{"title": "Retail Flipkart launches online grocery store 'Supermart' in Mumbai"},
{"title": "FMCG The mystery in your mattress"},
{"title": "Spring Air will invest Rs 100cr in 2 years to open 100 showrooms"},
{"title": "Prepare plan to pay Daiichi Sankyo or go to jail for contempt, Supreme Court tells Singh brothers"},
{"title": "FMCG The mystery in your mattress"},
{"title": "FMCG The mystery in your mattress"},
{"title": "Auto News Tata faces $14 billion in auto debt and a slowdown in China"},
{"title": "FMCG How ITC lit up non-cigarette brands"},
{"title": "Auto News Tata faces $14 billion in auto debt and a slowdown in China"},
{"title": "Telecom News 5G: Trai to consult industry to boost fiberisation"},
{"title": "Spring Air will invest Rs 100cr in 2 years to open 100 showrooms"},
{"title": "Pullout from diesel won\u2019t affect sales, market share: Maruti CFO"},
{"title": "Airlines / Aviation Domestic air traffic growth may have peaked out: Crisil"},
{"title": "Spring Air plans to invest Rs 500 crore for two new plants in India"},
{"title": "HGH India betting on growing home decor market in India"},
{"title": "Education India delivers mixed performance in Asian varsity rankings"},
{"title": "IIT-Delhi targets Rs 550-crore external R&D funding this year"},
{"title": "Construction Jaypee Infratech lenders reject NBCC's bid, to vote on Suraksha offer: Sources"},
{"title": "Auto News Hyundai mulls options for sourcing electric vehicle components in India"},
{"title": "Pharmaceuticals Daiichi Sankyo vs Singh Brothers: How a diary note made the difference"},
{"title": "Pharmaceuticals Daiichi Sankyo vs Singh Brothers: How a diary note made the difference"},
{"title": "Auto News Hyundai mulls options for sourcing electric vehicle components in India"},
{"title": "Hughes Communications India Ltd, Bharti Airtel to combine India VSAT business"},
{"title": "MG Motor India ropes in Adobe to better customer experiences"},
{"title": "Healthcare My career would have gone differently if I were a man: Biologist Gagandeep Kang"},
{"title": "FMCG FMCG cracks the Patanjali code, naturally"},
{"title": "Pharmaceuticals Daiichi Sankyo moves NCLT to stay insolvency plea against RHC Holding"},
{"title": "FMCG FMCG cracks the Patanjali code, naturally"},
{"title": "China\u2019s MG Motor banks on EV portfolio in India"},
{"title": "FMCG FMCG cracks the Patanjali code, naturally"},
{"title": "FMCG FMCG cracks the Patanjali code, naturally"},
{"title": "Telecom News Vodafone Idea services hit in Mumbai"},
{"title": "Healthcare Missing wombs: The health scandal enslaving families in rural India"},
{"title": "IIT-D approaches urban affairs ministry in FIITJEE branding row"},
{"title": "Pharmaceuticals Daiichi Sankyo spreading falsehood: Fortis"},
{"title": "Pharmaceuticals Daiichi Sankyo spreading falsehood: Fortis"},
{"title": "Construction Jaypee Infratech lenders reject NBCC's bid, to vote on Suraksha offer: Sources"},
{"title": "Pharmaceuticals Prepare plan to pay Daiichi Sankyo or go to jail for contempt, Supreme Court tells Singh brothers"},
{"title": "MG Motor India to launch SUV Hector by middle of this year"},
{"title": "Spring Air plans to invest Rs 500 crore for two new plants in India"},
{"title": "FMCG How ITC lit up non-cigarette brands"},
{"title": "Telecom News 5G: Trai to consult industry to boost fiberisation"},
{"title": "Blue Star to double capacity to 1 million from 2022"},
{"title": "Cars & UVs Pullout from diesel won\u2019t affect sales, market share: Maruti CFO"},
{"title": "FMCG How ITC lit up non-cigarette brands"},
{"title": "Auto, groceries skid under NDA, white goods shine"},
{"title": "Garments / Textiles Spring Air will invest Rs 100cr in 2 years to open 100 showrooms"},
{"title": "Daikin India aims to be a Rs 5,000-crore firm in FY20, looks for 20% growth"},
{"title": "Godrej Appliances expects 20% spike in topline on good summer"},
{"title": "Education India delivers mixed performance in Asian varsity rankings"},
{"title": "China's TCL Electronics forays in India with a new blend of home appliances"},
{"title": "NITI Aayog partners with Adobe to boost digital literacy, creativity skills"},
{"title": "Hughes Communications becomes largest service provider with 59% market share"},
{"title": "Telecom News 5G: Trai to consult industry to boost fiberisation"},
{"title": "Auto News Tata faces $14 billion in auto debt and a slowdown in China"},
{"title": "Education India delivers mixed performance in Asian varsity rankings"},
{"title": "Education IIT-Delhi targets Rs 550-crore external R&D funding this year"},
{"title": "China\u2019s MG Motor banks on EV portfolio in India"},
{"title": "Telecom News Vodafone Idea services hit in Mumbai"},
{"title": "Healthcare My career would have gone differently if I were a man: Biologist Gagandeep Kang"},
{"title": "Pharmaceuticals Daiichi Sankyo moves NCLT to stay insolvency plea against RHC Holding"},
{"title": "Healthcare My career would have gone differently if I were a man: Biologist Gagandeep Kang"},
{"title": "Healthcare My career would have gone differently if I were a man: Biologist Gagandeep Kang"},
{"title": "Healthcare My career would have gone differently if I were a man: Biologist Gagandeep Kang"},
{"title": "FIITJEE, Extramarks seek more time from NCLT to bid for Educomp"},
{"title": "IIT Delhi dissatisfied with FIITJEE disclaimer"},
{"title": "Healthcare Missing wombs: The health scandal enslaving families in rural India"},
{"title": "Pharmaceuticals Daiichi Sankyo moves NCLT to stay insolvency plea against RHC Holding"},
{"title": "Healthcare Missing wombs: The health scandal enslaving families in rural India"},
{"title": "IIT-Delhi irked by FIITJEE branding of metro station near institute"},
{"title": "Blue Star to double capacity to 1 million from 2022"},
{"title": "Cars & UVs MG Motor India to launch SUV Hector by middle of this year"},
{"title": "Pharmaceuticals Prepare plan to pay Daiichi Sankyo or go to jail for contempt, Supreme Court tells Singh brothers"},
{"title": "Pharmaceuticals Prepare plan to pay Daiichi Sankyo or go to jail for contempt, Supreme Court tells Singh brothers"},
{"title": "Pharmaceuticals Prepare plan to pay Daiichi Sankyo or go to jail for contempt, Supreme Court tells Singh brothers"},
{"title": "Airlines / Aviation Spring Air plans to invest Rs 500 crore for two new plants in India"},
{"title": "Pharmaceuticals Prepare plan to pay Daiichi Sankyo or go to jail for contempt, Supreme Court tells Singh brothers"},
{"title": "China's TCL Electronics forays in India with a new blend of home appliances"},
{"title": "China's TCL Electronics to invest Rs 2,000 crore at Tirupati unit"},
{"title": "Godrej Appliances eyes Rs 5000 crore turnover in FY19"},
{"title": "Cars & UVs Pullout from diesel won\u2019t affect sales, market share: Maruti CFO"},
{"title": "Cars & UVs Pullout from diesel won\u2019t affect sales, market share: Maruti CFO"},
{"title": "Godrej Appliances ramping up plant capacities: Officials"},
{"title": "Godrej Appliances is venturing into premium products"},
{"title": "Godrej Appliances lines up Rs 500 crore investment"},
{"title": "Healthcare Missing wombs: The health scandal enslaving families in rural India"},
{"title": "Niti Aayog seeks ministry help for EV charging infra at petrol pumps"},
{"title": "Hughes Communications becomes largest service provider with 59% market share"},
{"title": "IIT-D approaches urban affairs ministry in FIITJEE branding row"},
{"title": "Daikin India aims 100 billion yen turnover in 2 years on growing sales, exports"},
{"title": "Auto News China\u2019s MG Motor banks on EV portfolio in India"},
{"title": "Education IIT-Delhi targets Rs 550-crore external R&D funding this year"},
{"title": "Leading the Digital Home Learning Segment \u2013 Extramarks Shows the Way"},
{"title": "Where Innovation in Education is the Norm - Extramarks!"},
{"title": "Education IIT-Delhi targets Rs 550-crore external R&D funding this year"},
{"title": "Hughes Communications becomes largest service provider with 59% market share"},
{"title": "NITI Aayog partners with Adobe to boost digital literacy, creativity skills"},
{"title": "Auto, groceries skid under NDA, white goods shine"},
{"title": "Daikin India aims to be a Rs 5,000-crore firm in FY20, looks for 20% growth"},
{"title": "Godrej Appliances expects 20% spike in topline on good summer"},
{"title": "Durables Blue Star to double capacity to 1 million from 2022"},
{"title": "Telecom News Vodafone Idea services hit in Mumbai"},
{"title": "Telecom News Vodafone Idea services hit in Mumbai"},
{"title": "Healthcare Missing wombs: The health scandal enslaving families in rural India"},
{"title": "Hughes Communications India gets flight and maritime connectivity licence"},
{"title": "Voltas to invest over Rs 500 cr to set up plant in Tirupati"},
{"title": "Godrej Appliances eyes Rs 5000 crore turnover in FY19"},
{"title": "Godrej Appliances eyes Rs 5000 crore turnover in FY19"},
{"title": "IIT Delhi dissatisfied with FIITJEE disclaimer"},
{"title": "FIITJEE, Extramarks seek more time from NCLT to bid for Educomp"},
{"title": "Godrej Appliances ramping up plant capacities: Officials"},
{"title": "Godrej Appliances lines up Rs 500 crore investment"},
{"title": "Godrej Properties concludes acquisition of RK Studios' land"},
{"title": "Godrej Appliances is venturing into premium products"},
{"title": "What slowdown? Consumers are buying more premium products this festive season"},
{"title": "Niti Aayog seeks ministry help for EV charging infra at petrol pumps"},
{"title": "Daikin India aims 100 billion yen turnover in 2 years on growing sales, exports"},
{"title": "IIT-Delhi irked by FIITJEE branding of metro station near institute"},
{"title": "Auto News China\u2019s MG Motor banks on EV portfolio in India"},
{"title": "LG Electronics eyes higher sales from premium products in India"},
{"title": "Education IIT-D approaches urban affairs ministry in FIITJEE branding row"},
{"title": "Auto News China\u2019s MG Motor banks on EV portfolio in India"},
{"title": "MG Motor India ropes in Adobe to better customer experiences"},
{"title": "Godrej Appliances is venturing into premium products"},
{"title": "IIT Delhi launches PhD fellowship programme for foreign students"},
{"title": "Leading the Digital Home Learning Segment \u2013 Extramarks Shows the Way"},
{"title": "Telecom Hughes Communications becomes largest service provider with 59% market share"},
{"title": "China's TCL Electronics to invest Rs 2,000 crore at Tirupati unit"},
{"title": "Durables Daikin India aims to be a Rs 5,000-crore firm in FY20, looks for 20% growth"},
{"title": "TCL initiates construction of it's largest manufacturing base outside China in Tirupati"},
{"title": "Hughes Communications India gets flight and maritime connectivity licence"},
{"title": "Hughes Communication bags Rs 40-crore BSNL contract for seven years"},
{"title": "Voltas to invest over Rs 500 cr to set up plant in Tirupati"},
{"title": "Hughes Communications India Ltd, Bharti Airtel to combine India VSAT business"},
{"title": "Durables Auto, groceries skid under NDA, white goods shine"},
{"title": "Extramarks Disrupts the Coaching Segment, Sets New Paradigms of Success"},
{"title": "Education NITI Aayog partners with Adobe to boost digital literacy, creativity skills"},
{"title": "Higher cost of energy efficient white goods makes a dent on sales"},
{"title": "Institutional investors switch focus to entity-level exposure"},
{"title": "Avanta India takes 20,000 sq ft office space on lease in Delhi to open co-working centre"},
{"title": "NBCC decides not to dilute conditions in revised offer for Jaypee Infratech"},
{"title": "What slowdown? Consumers are buying more premium products this festive season"},
{"title": "Where Innovation in Education is the Norm - Extramarks!"},
{"title": "Durables Godrej Appliances expects 20% spike in topline on good summer"},
{"title": "Durables China's TCL Electronics forays in India with a new blend of home appliances"},
{"title": "Education FIITJEE, Extramarks seek more time from NCLT to bid for Educomp"},
{"title": "LG Electronics eyes higher sales from premium products in India"},
{"title": "Education IIT Delhi dissatisfied with FIITJEE disclaimer"},
{"title": "Durables Godrej Appliances eyes Rs 5000 crore turnover in FY19"},
{"title": "Durables Godrej Appliances lines up Rs 500 crore investment"},
{"title": "Durables Daikin India aims 100 billion yen turnover in 2 years on growing sales, exports"},
{"title": "Education IIT-Delhi irked by FIITJEE branding of metro station near institute"},
{"title": "Education IIT-D approaches urban affairs ministry in FIITJEE branding row"},
{"title": "Education IIT-D approaches urban affairs ministry in FIITJEE branding row"},
{"title": "Electronics China's TCL Electronics to invest Rs 2,000 crore at Tirupati unit"},
{"title": "TCL initiates construction of it's largest manufacturing base outside China in Tirupati"},
{"title": "Auto News Niti Aayog seeks ministry help for EV charging infra at petrol pumps"},
{"title": "Education IIT-D approaches urban affairs ministry in FIITJEE branding row"},
{"title": "New government to take up BSNL, MTNL revival plans: Sources"},
{"title": "Durables Godrej Appliances is venturing into premium products"},
{"title": "Telecom woes: BSNL expects normalcy in liquidity position by September quarter"},
{"title": "Department of Telecommunications considering BSNL revival"},
{"title": "Telecom Hughes Communications becomes largest service provider with 59% market share"},
{"title": "Education Leading the Digital Home Learning Segment \u2013 Extramarks Shows the Way"},
{"title": "Institutional investors switch focus to entity-level exposure"},
{"title": "Avanta India takes 20,000 sq ft office space on lease in Delhi to open co-working centre"},
{"title": "NBCC decides not to dilute conditions in revised offer for Jaypee Infratech"},
{"title": "IIT Delhi launches PhD fellowship programme for foreign students"},
{"title": "Durables Daikin India aims to be a Rs 5,000-crore firm in FY20, looks for 20% growth"},
{"title": "Durables Daikin India aims to be a Rs 5,000-crore firm in FY20, looks for 20% growth"},
{"title": "Higher cost of energy efficient white goods makes a dent on sales"},
{"title": "Durables Auto, groceries skid under NDA, white goods shine"},
{"title": "Extramarks Disrupts the Coaching Segment, Sets New Paradigms of Success"},
{"title": "Education Where Innovation in Education is the Norm - Extramarks!"},
{"title": "Durables China's TCL Electronics forays in India with a new blend of home appliances"},
{"title": "Durables What slowdown? Consumers are buying more premium products this festive season"},
{"title": "Durables China's TCL Electronics forays in India with a new blend of home appliances"},
{"title": "Durables Auto, groceries skid under NDA, white goods shine"},
{"title": "Education IIT Delhi dissatisfied with FIITJEE disclaimer"},
{"title": "Education FIITJEE, Extramarks seek more time from NCLT to bid for Educomp"},
{"title": "Education IIT Delhi dissatisfied with FIITJEE disclaimer"},
{"title": "Education FIITJEE, Extramarks seek more time from NCLT to bid for Educomp"},
{"title": "BSNL to clear Feb salary of employees by Friday: CMD"},
{"title": "Education IIT-Delhi irked by FIITJEE branding of metro station near institute"},
{"title": "Education IIT-Delhi irked by FIITJEE branding of metro station near institute"},
{"title": "Durables Auto, groceries skid under NDA, white goods shine"},
{"title": "New government to take up BSNL, MTNL revival plans: Sources"},
{"title": "Education IIT-Delhi irked by FIITJEE branding of metro station near institute"},
{"title": "Education IIT-Delhi irked by FIITJEE branding of metro station near institute"},
{"title": "Electronics TCL initiates construction of it's largest manufacturing base outside China in Tirupati"},
{"title": "Auto News Niti Aayog seeks ministry help for EV charging infra at petrol pumps"},
{"title": "Auto News Niti Aayog seeks ministry help for EV charging infra at petrol pumps"},
{"title": "Durables Godrej Appliances is venturing into premium products"},
{"title": "Property / C'struction Institutional investors switch focus to entity-level exposure"},
{"title": "Auto News Niti Aayog seeks ministry help for EV charging infra at petrol pumps"},
{"title": "Telecom woes: BSNL expects normalcy in liquidity position by September quarter"},
{"title": "Durables Godrej Appliances is venturing into premium products"},
{"title": "Electronics China's TCL Electronics to invest Rs 2,000 crore at Tirupati unit"},
{"title": "Electronics China's TCL Electronics to invest Rs 2,000 crore at Tirupati unit"},
{"title": "Auto News Niti Aayog seeks ministry help for EV charging infra at petrol pumps"},
{"title": "Department of Telecommunications considering BSNL revival"},
{"title": "Education IIT Delhi launches PhD fellowship programme for foreign students"},
{"title": "Durables Higher cost of energy efficient white goods makes a dent on sales"},
{"title": "Education Where Innovation in Education is the Norm - Extramarks!"},
{"title": "Education Where Innovation in Education is the Norm - Extramarks!"},
{"title": "Education Extramarks Disrupts the Coaching Segment, Sets New Paradigms of Success"},
{"title": "Electronics China's TCL Electronics to invest Rs 2,000 crore at Tirupati unit"},
{"title": "Electronics China's TCL Electronics to invest Rs 2,000 crore at Tirupati unit"},
{"title": "BSNL to clear Feb salary of employees by Friday: CMD"},
{"title": "Property / C'struction NBCC decides not to dilute conditions in revised offer for Jaypee Infratech"},
{"title": "Property / C'struction Avanta India takes 20,000 sq ft office space on lease in Delhi to open co-working centre"},
{"title": "Telecom News Hughes Communications India Ltd, Bharti Airtel to combine India VSAT business"},
{"title": "Telecom News Hughes Communications India gets flight and maritime connectivity licence"},
{"title": "Durables What slowdown? Consumers are buying more premium products this festive season"},
{"title": "Durables Auto, groceries skid under NDA, white goods shine"},
{"title": "Hughes Communication bags Rs 40-crore BSNL contract for seven years"},
{"title": "Electronics Voltas to invest over Rs 500 cr to set up plant in Tirupati"},
{"title": "LG Electronics partners with Paytm Mall"},
{"title": "Durables What slowdown? Consumers are buying more premium products this festive season"},
{"title": "LG Electronics India\u2019s ex-marketing head Niladri Datta joins IFB Appliances"},
{"title": "LG Electronics eyes higher sales from premium products in India"},
{"title": "Jaypee Infratech lenders decide to put NBCC\u2019s revised bid on vote"},
{"title": "Durables Daikin India aims to be a Rs 5,000-crore firm in FY20, looks for 20% growth"},
{"title": "NBCC\u2019s revised Jaypee bid put to vote"},
{"title": "DivyaSree and ADIA to develop commercial projects together"},
{"title": "Warburg, Runwal create $1-billion JV for realty play"},
{"title": "Piramal Realty FY'19 sales booking jumps nearly 4-fold to Rs 3,400 cr"},
{"title": "Piramal Realty aims to double its portfolio"},
{"title": "Phoenix buys back SEZ stakes from Embassy"},
{"title": "Telecom Hughes Communications becomes largest service provider with 59% market share"},
{"title": "Kapoor family ready to sell iconic RK Studio"},
{"title": "Godrej Properties concludes acquisition of RK Studios' land"},
{"title": "Auto News MG Motor India ropes in Adobe to better customer experiences"},
{"title": "Telecom News New government to take up BSNL, MTNL revival plans: Sources"},
{"title": "Education IIT-D approaches urban affairs ministry in FIITJEE branding row"},
{"title": "Telecom News Telecom woes: BSNL expects normalcy in liquidity position by September quarter"},
{"title": "Durables Higher cost of energy efficient white goods makes a dent on sales"},
{"title": "Telecom News Department of Telecommunications considering BSNL revival"},
{"title": "Durables Higher cost of energy efficient white goods makes a dent on sales"},
{"title": "UK firm to sell water-saving washing machine tech to India's IFB"},
{"title": "India had higher sales growth than our global average in 2018, says Monachon, VP-Omega"},
{"title": "Durables Higher cost of energy efficient white goods makes a dent on sales"},
{"title": "Durables Higher cost of energy efficient white goods makes a dent on sales"},
{"title": "Hitachi expects 15 per cent growth in room AC sales this year"},
{"title": "Sold over 2 million TV units in India in 14 months: Xiaomi"},
{"title": "LG Electronics partners with Paytm Mall"},
{"title": "LG Electronics partners with Paytm Mall"},
{"title": "LG Electronics India\u2019s ex-marketing head Niladri Datta joins IFB Appliances"},
{"title": "Electronics Godrej Appliances ramping up plant capacities: Officials"},
{"title": "Electronics Voltas to invest over Rs 500 cr to set up plant in Tirupati"},
{"title": "HGH India expecting 35% rise in exhibitors this year"},
{"title": "Jaypee Infratech lenders decide to put NBCC\u2019s revised bid on vote"},
{"title": "Property / C'struction Avanta India takes 20,000 sq ft office space on lease in Delhi to open co-working centre"},
{"title": "Property / C'struction Avanta India takes 20,000 sq ft office space on lease in Delhi to open co-working centre"},
{"title": "HGH India betting on growing home decor market in India"},
{"title": "Electronics Voltas to invest over Rs 500 cr to set up plant in Tirupati"},
{"title": "Phoenix buys back SEZ stakes from Embassy"},
{"title": "Telecom News BSNL to clear Feb salary of employees by Friday: CMD"},
{"title": "IPL buzz pulling female viewers away from TV serials"},
{"title": "'Avengers: Endgame' rewrites record books in India"},
{"title": "Viacom18 taps Gourav Rakshit to head Voot"},
{"title": "Electronics LG Electronics eyes higher sales from premium products in India"},
{"title": "Telecom News Hughes Communication bags Rs 40-crore BSNL contract for seven years"},
{"title": "Telecom News Telecom woes: BSNL expects normalcy in liquidity position by September quarter"},
{"title": "Property / C'struction Godrej Properties concludes acquisition of RK Studios' land"},
{"title": "Telecom News Telecom woes: BSNL expects normalcy in liquidity position by September quarter"},
{"title": "Telecom News New government to take up BSNL, MTNL revival plans: Sources"},
{"title": "Telecom News New government to take up BSNL, MTNL revival plans: Sources"},
{"title": "Piramal Realty aims to double its portfolio"},
{"title": "Telecom News Department of Telecommunications considering BSNL revival"},
{"title": "Telecom News Department of Telecommunications considering BSNL revival"},
{"title": "Telecom News New government to take up BSNL, MTNL revival plans: Sources"},
{"title": "AC makers expect a double-digit sales growth this summer"},
{"title": "India had higher sales growth than our global average in 2018, says Monachon, VP-Omega"},
{"title": "Telecom News Department of Telecommunications considering BSNL revival"},
{"title": "Telecom News Department of Telecommunications considering BSNL revival"},
{"title": "UK firm to sell water-saving washing machine tech to India's IFB"},
{"title": "Sold over 2 million TV units in India in 14 months: Xiaomi"},
{"title": "MahaRERA penalises Runwals"},
{"title": "Piramal Realty sells apartments worth Rs 1500 cr in South Mumbai"}
]